id,created_at,text,retweet_count,tweet.retweeted
850416602805829633,2017-04-07 18:34:52,ğŸ‘€ğŸ‘ŒğŸ¼ https://t.co/hb5Ge5epqg,2346,False
850254884741840898,2017-04-07 07:52:16,"Putting the 7 into CR7. Many happy memories of Manchester ğŸ† ğŸ‘Œ #Mercurial 
CR7 Chapter 4 - Available April 10â€¦ https://t.co/cvQaXf4RO4",3169,False
850064812595916801,2017-04-06 19:16:59,First day with my new boots. ğŸ‘Œ https://t.co/n8QWiJVKGM,6129,False
849879622338707456,2017-04-06 07:01:06,"My new #Mercurial â€“ inspired by the 6 years in Manchester that made me CR7 ğŸ’ª 
CR7 Chapter 4 - Coming April 10 https://t.co/N6SlraQJyv",8507,False
849178329089495040,2017-04-04 08:34:25,SoonğŸ‘€ https://t.co/LOX4aKqo2P,4250,False
848950893194219520,2017-04-03 17:30:40,ğŸ‘ğŸ¼ https://t.co/4LFFUXgzxk,7761,False
848130453982916609,2017-04-01 11:10:32,Selfie timeğŸ‘Œ https://t.co/UDV4bwbI1D,7466,False
847772743906902016,2017-03-31 11:29:07,Be focusğŸ‘€ https://t.co/ul9bJMYCIE,5090,False
847374061525127171,2017-03-30 09:04:54,"Just finished shooting with @nubiasmartphone, very impressed by the dual camera! Looking forward to the product lauâ€¦ https://t.co/Tcc8xcr3bq",3435,False
847165548786012163,2017-03-29 19:16:21,Proud ğŸ‘ŒğŸ‘ŒğŸ‘ŒğŸ›« https://t.co/Z0tPBJLDC8,8399,False
847120567396438016,2017-03-29 16:17:36,Happy and honored to have my name given to the Madeira airport! âœˆï¸ğŸ‘ https://t.co/6SxibYtxje,10215,False
846451479061954561,2017-03-27 19:58:53,Always special to be back home!ğŸ†ğŸ‘ğŸ” https://t.co/1DmtPxrIuj,9739,False
846361935281053696,2017-03-27 14:03:04,ğŸ‡µğŸ‡¹âš½ï¸ https://t.co/gsCazNBsMD,10960,False
845989043926130689,2017-03-26 13:21:20,Lunch with my little manâ¤ï¸ï¸â¤ï¸ï¸â¤ï¸ï¸ https://t.co/9ohWhAKVR1,9845,False
845762065604251648,2017-03-25 22:19:24,Well done boys ğŸ‘ŒğŸ‡µğŸ‡¹ https://t.co/EsUiLo6sgW,15664,False
845364244971470849,2017-03-24 19:58:36,Great mood With my boyğŸ‡µğŸ‡¹ğŸ‘Œ https://t.co/L4uX6C795P,9523,False
845266869040898048,2017-03-24 13:31:40,Just dream it and achieve your potential! Now share your success story with @turktelekom to inspire us all.â€¦ https://t.co/JA0pXIEtPp,4051,False
844954523571507200,2017-03-23 16:50:31,Glad to meet these amazing kids today! They are a true source of inspiration ğŸ’ª @terradossonhos https://t.co/rffvehvvY1,5907,False
844895635979603968,2017-03-23 12:56:31,ğŸ‡µğŸ‡¹ğŸ‡µğŸ‡¹ğŸ‡µğŸ‡¹ https://t.co/6j3fJnZIQ6,11087,False
843889239129579520,2017-03-20 18:17:27,Perfect for the summer! ğŸ‘ğŸ¼ğŸ” @CR7underwear https://t.co/6wNnolthcq https://t.co/hXrRmpLGcT,3606,False
843209432309911552,2017-03-18 21:16:09,ğŸ‘Œ https://t.co/lNLapUBuXC,15503,False
842779408050147328,2017-03-17 16:47:23,"Always staying ahead of the competition. ğŸ‘ğŸ¼ Speed training with @Herbalife . #sponsored #TrueToYourStory
 https://t.co/3SAsb4k4jL",1594,False
842077615288651776,2017-03-15 18:18:43,Today I think of Syrian kids like Omar* who drew his dream of being a barber. âœ‚ #SaveSyriasChildren @SavetheChildren https://t.co/8Ca2B5SbXh,17567,False
841712119787708416,2017-03-14 18:06:22,"Did you check out the latest update for my mobile game? It's awesome! How many goals can you score?
Update Now:â€¦ https://t.co/wANIaBnbRv",2133,False
841418068060450816,2017-03-13 22:37:54,Had a lot of fun today at the grand opening of the CR7 Crunch Fitness at Ciudad LinealğŸ‘ŒğŸ” https://t.co/MHGunJjWWa,3775,False
841340480193474561,2017-03-13 17:29:36,"Ya conoces mi nuevo gimnasio @CR7CrunchFitnes ? Ven a ciudad Lineal, hasta el final del mes y  aprovecha la matrÃ­cuâ€¦ https://t.co/eMk69nvm1V",3275,False
838769615622836224,2017-03-06 15:13:54,All of my favourite styles ï¿¼ï¿¼ï¿¼are in the SS17 #CR7Underwear campaign! https://t.co/bGlQH5sKHu,2953,False
838448283919994882,2017-03-05 17:57:03,Training ğŸ‘ğŸ‘Œ https://t.co/7erxmUeUwY,8265,False
838020291867607041,2017-03-04 13:36:21,VAMOS EQUIPO. HALA MADRID ğŸ‘ŒğŸ‘ https://t.co/Pnvi8Q4PO0,12142,False
837366699179540480,2017-03-02 18:19:13,"To be a champion, you need the best. @Xtrade will give you the right tools to start with. https://t.co/wF7n2MNbE9 https://t.co/qs3N7u9BZm",2115,False
836538579421626372,2017-02-28 11:28:34,ğŸš´ğŸ» https://t.co/iEeVY8TnNg,6788,False
836129052217991168,2017-02-27 08:21:15,@nubiasmartphone is ready  #ToMeetNewPossibilities. How about you? Go to Nubia Stand at the #MWC2017 Barcelona andâ€¦ https://t.co/b9Cm5LBVfG,578,False
835988717844238336,2017-02-26 23:03:36,Well done teamğŸ‘ğŸ‘Œ https://t.co/2DEr4ZYrQy,13628,False
835506836275138561,2017-02-25 15:08:47,Hala Madrid ğŸ‘ğŸ‘Œ https://t.co/B0ITdX99FD,7799,False
834022564737466368,2017-02-21 12:50:49,ğŸ¡ğŸ˜â˜€ï¸ https://t.co/mCrtBvFoxg,22807,False
833738366600478720,2017-02-20 18:01:31,@CR7underwear shoot in 360! New designs and styles are on https://t.co/6wNnolthcq ğŸ˜„ https://t.co/7fCH5U1hM9,793,False
833387533509726208,2017-02-19 18:47:26,ğŸ‘ŒğŸ‘ŒğŸ‘Œ https://t.co/hpJWIik14h,6680,False
832156618200666114,2017-02-16 09:16:13,ğŸ‘ https://t.co/bcFdNf7mdG,14109,False
831565127686221829,2017-02-14 18:05:50,"Have you seen the new update of @cr7selfie? Now you can have a selfie with me and the Ballon Dâ€™or!
Try it now âœŒğŸ“¸â€¦ https://t.co/w27Qfz0yta",2353,False
831239904407478272,2017-02-13 20:33:31,Having some fun on the set of my latest @CR7underwearâ€‹ campaign! Check it out! https://t.co/6wNnolthcq https://t.co/lNnMojMGRt,1950,False
831192475402432512,2017-02-13 17:25:03,It's all about the detail! My new @CR7underwear collection and campaign launches TODAY! https://t.co/6wNnolthcq https://t.co/tAKSLDYStg,3129,False
829679572442607616,2017-02-09 13:13:19,ğŸ‘Œ https://t.co/gzlcO1V17Q,9720,False
828345013969027072,2017-02-05 20:50:15,ğŸ‚ğŸ¥‚â¤ï¸ https://t.co/aSC6yzTCGu,28513,False
827879845787029504,2017-02-04 14:01:51,You got La Silver? I got La Gold. Want to argue? ğŸ˜ #am97 #gold @nikesportswear https://t.co/NjNm85vRtb,5138,False
827563104619868163,2017-02-03 17:03:14,Be serious ğŸ˜‰ğŸ˜‰ğŸ˜‰ https://t.co/PAdN41bKni,7738,False
827223346047832064,2017-02-02 18:33:09,Discover #CristianoRonaldo Collection and amazing outfits at https://t.co/1CsLgLj3SD and complete a remarkable momeâ€¦ https://t.co/oF9FYdr9ub,2396,False
826846714845855748,2017-02-01 17:36:33,Shooting dayğŸ‘Œ https://t.co/XKePdXWTej,5851,False
826400455462891520,2017-01-31 12:03:17,ğŸ‘€ https://t.co/VAXIyw5PKh,7526,False
826130726135422976,2017-01-30 18:11:28,Crash and burn @DwyaneWade âš½ğŸ’¯ #raiseit https://t.co/i6J4wmrc1W https://t.co/7cF5gQyj6o,6380,False
826092885074391040,2017-01-30 15:41:06,âš½ï¸ https://t.co/J3jFzvAgpS,12127,False
825403102912212992,2017-01-28 18:00:09,"NEW HIGHSCORE! Can you beat me? Show me your skills and reply with your highscore.
https://t.co/RX5FZclXci https://t.co/C3e694R8RD",1756,False
824228135298355200,2017-01-25 12:11:15,This Valentineâ€™s Day give to your loved ones my ultimate comfort #CR7blankets. Save 15% with promo code: LOVECR7 atâ€¦ https://t.co/SCFCGTQS9O,2606,False
823999121493282821,2017-01-24 21:01:14,Thanks for the support of Chinese fans. Glad to be the æ‡‚çƒå¸(All Football) 2016 best player. https://t.co/O5FEQYouyh,6714,False
823617205162098688,2017-01-23 19:43:38,My teamğŸ‘ŒğŸ‘ŒğŸ‘Œ https://t.co/sj9MPXaY2s,4682,False
822079653288562689,2017-01-19 13:53:57,I can rise to any challenge @DwyaneWade gives me. Tell him who you think won? #raiseit ğŸ’¯ğŸ˜‚ https://t.co/i6J4wmrc1W https://t.co/XsVX8MuPgV,4626,False
821038504708833282,2017-01-16 16:56:48,Mood https://t.co/ztacb0nRZ9,8051,False
819894331637112832,2017-01-13 13:10:16,The Best FIFA 2016 award is already available in my Museu CR7  ğŸ‘ŒğŸ” https://t.co/NV3migfivA,9390,False
819454525228650496,2017-01-12 08:02:38,"Driving into 2017, another dream year ahead #DontCrackUnderPressure #tagheuer @TAGHeuer https://t.co/qdJhemKIK5",4782,False
819311869303386113,2017-01-11 22:35:46,"I was looking for the fans, because you supporting me every day,since day one. The trophy it's yours too. Thank youâ€¦ https://t.co/Bo2HxHhpJn",9467,False
819272516422275072,2017-01-11 19:59:23,Guess where my eyes looking??? I let you know later ğŸ‘ https://t.co/Z6AGgcT9sz,6325,False
819093210333122560,2017-01-11 08:06:54,"@DwyaneWade . No. Watch. Learn, #raiseit Ronaldo style. I think Iâ€™ve got him, do you agree? ğŸ³â€¦ https://t.co/ug1MMdLsEe",1918,False
818875219267960834,2017-01-10 17:40:40,ğŸ‘ŒğŸ” https://t.co/gCCBydN0gy,10648,False
818874792891781121,2017-01-10 17:38:59,Thanks @turktelekom,2425,False
818729973926215680,2017-01-10 08:03:31,You donâ€™t lift the trophy for best player in the world without your team. #JustDoIt https://t.co/f0KxUSVK3H,13034,False
818556449773195271,2017-01-09 20:34:00,"Delighted to win The Best FIFA award. Wouldn't be possible without my teammates, coaches and you who support me eveâ€¦ https://t.co/IE71uM1Tem",38113,False
818441192765583360,2017-01-09 12:56:00,ğŸ˜ https://t.co/APmw3eag8Q,8009,False
817804088964481024,2017-01-07 18:44:23,Thank you all for this amazing celebration!ğŸ‘ğŸ‘ https://t.co/RW2naSBnxu,20821,False
817643285573496832,2017-01-07 08:05:25,"Honoured to wear my CR7 #Mercurial VitÃ³rias boots today ğŸ™Œ ğŸ†
@nikefootball https://t.co/i3S8J2ITXc",7449,False
817080375465902080,2017-01-05 18:48:36,Happy to be in the https://t.co/7YiIciMNZj Team of the Year for the 11th time! Thanks to all the fans who voted!â€¦ https://t.co/xBTniZec9V,9857,False
817030312488239104,2017-01-05 15:29:40,ğŸƒğŸ¼ https://t.co/KDV3BFRDgD,7168,False
814939111127543808,2016-12-30 20:59:59,"Desejo a todos o melhor do mundo em 2017. Bom ano! 
I wish you all the best in the world in 2017! Happy New Year. https://t.co/mgUxVfEFRa",12011,False
814774290952441856,2016-12-30 10:05:03,Silky smooth in time for the New Year &amp; Iâ€™m not talking about the shave @DwyaneWade ğŸ˜‚ #raiseitâ€¦ https://t.co/csm06qYaPi,4230,False
814561684346040320,2016-12-29 20:00:14,The end of the year is approaching. Which @TAGHeuer timepiece should I choose? Sporty or elegant?â€¦ https://t.co/prs7b2C6Rp,3291,False
814199214234341380,2016-12-28 19:59:54,Hoy en la Gala Inocente Inocente podrÃ©is ver mi visita a un proyecto de esta FundaciÃ³n que ayuda a los niÃ±os que mÃ¡â€¦ https://t.co/Ppz35clZpv,4636,False
813827212696813568,2016-12-27 19:21:42,"To celebrate the end of 2016, @TAGHeuer asked me to prove how I didn't crack under pressure. https://t.co/9Yy3eP432B",3559,False
813477472230666241,2016-12-26 20:11:57,"The most amazing fireworks will be seen at the top of @PestanaCR7 Funchal.
Donâ€™t miss it ğŸ˜‰ https://t.co/LpodJXzdyF https://t.co/kmsa0y0XlJ",2610,False
813148897430343681,2016-12-25 22:26:19,ğŸ‘ https://t.co/mybcWttqIy,5752,False
812749290112249857,2016-12-24 19:58:25,Merry Christmas world â¤ï¸â¤ï¸â¤ï¸ https://t.co/fCzCJ8s8f9,16349,False
812297170040881152,2016-12-23 14:01:51,A message of hope to the children affected by the conflict in Syria. @SavetheChildren https://t.co/Zsdvu2nuXd,52668,False
812221669263675392,2016-12-23 09:01:50,"Just unboxed my new gift from @TAGHeuer . A unique Tourbillon watch full of diamonds, especially for me. Thank youâ€¦ https://t.co/zip7YV8CvH",2015,False
811980329925902336,2016-12-22 17:02:51,Just received a gift from #CLEARMEN. Merry Christmas! https://t.co/nNwA36ArUv,1774,False
811900718705704960,2016-12-22 11:46:30,Breakfast time in my spotğŸ‘ğŸ‘ğŸ‘ğŸ‡µğŸ‡¹ https://t.co/UKNVZROzYn,4216,False
811619960963403776,2016-12-21 17:10:52,"NEW update for my mobile game! Major improvements and amazing new boosters. Play against real players!
Download:â€¦ https://t.co/1eG9ty1vmo",1628,False
811589625311543296,2016-12-21 15:10:19,Spending time with my love ğŸ˜ https://t.co/FkRlPfF2bn,9104,False
811566623266140160,2016-12-21 13:38:55,Moments ğŸ‘ https://t.co/F04NBAbFaG,5078,False
811271160939814912,2016-12-20 18:04:52,Getting into the spirit of the season with Sacoor Brothers! Shop https://t.co/1CsLgLj3SD for the best styles for yoâ€¦ https://t.co/nGE0s2HX7V,2615,False
810909088154550272,2016-12-19 18:06:07,"Happy with my new project CR7 Crunch Fitness in Madrid. Live Life Fit, take a look https://t.co/OhWkH0bTZu https://t.co/uRHrCIL7yh",3066,False
810832170747052032,2016-12-19 13:00:28,"After so much demand,I've decided to open the doors to my online The Private Edition members club for the next weekâ€¦ https://t.co/9LbYLMl5qF",2930,False
810812131608236032,2016-12-19 11:40:50,ğŸ‡µğŸ‡¹ https://t.co/UUpoigCfbp,14262,False
810498460965335040,2016-12-18 14:54:26,Simmmm. Happy to win another ğŸ† trophy. Well done team. Hala Madrid https://t.co/Gqn6zoPMFT,27046,False
810092566062465024,2016-12-17 12:01:33,Thank you @jcbiver and @tagheuer for your kind words and the great presents ! #dontcrackunderpressure https://t.co/Q1dcEdOVFa,2553,False
809670744720478208,2016-12-16 08:05:23,"@DwyaneWade, Happy Holidays. This one is just for you â›„ğŸ™ŒğŸ†#raiseit https://t.co/i6J4wmrc1W https://t.co/BfO0W0jTqg",1815,False
809005198031126529,2016-12-14 12:00:44,Want to see exclusive footage and unreleased images from The Private Edition photoshoot? https://t.co/KLGGg0yU8I https://t.co/TmRe6Xmnso,2243,False
808983376237645824,2016-12-14 10:34:01,My golden ball it's available in my museum in MadeirağŸ‘ğŸ‘ğŸ‘ğŸ‘âš½ï¸ https://t.co/jPZx9fh2NN,15753,False
808642942239961088,2016-12-13 12:01:15,"I'm now in Japan for next important title. #Sixpad, always helps me to perform my best. Get yours. Checkâ€¦ https://t.co/ldG6MPb4mu",2810,False
808439920171896834,2016-12-12 22:34:31,So happy and glad to win. Thanks Real Madrid and Portugal National team.amazing year. SimmmmmmmğŸ’ªğŸ½ğŸ’ªğŸ½ğŸ’ªğŸ½ğŸ’ªğŸ½ https://t.co/IQCxOA5PLg,69792,False
808291878386941952,2016-12-12 12:46:15,Last chance to order my CR blankets for Christmas! Save 25% with promo code CRIS. https://t.co/wUzQqzllGd https://t.co/QIWOliTCLH,3492,False
806907367518597120,2016-12-08 17:04:42,Had a lot of fun creating The Private Edition scent. Watch here!https://t.co/KLGGg0yU8I https://t.co/hvTMyo2ohc,2519,False
806891263110893568,2016-12-08 16:00:43,ParabÃ©ns Ã  FundaciÃ³n Numen e Ã  FundaciÃ³n Inocente Inocente pelo magnÃ­fico trabalho que fazem no apoio a estas crianâ€¦ https://t.co/HWkloNQSzm,3909,False
806210013907841028,2016-12-06 18:53:40,"Flip on the first try, @DwyaneWade. Donâ€™t start what you canâ€™t finish. ğŸ’¯ğŸ˜‚ #raiseit https://t.co/i6J4wmrc1W https://t.co/8xKfQJbWfC",7930,False
806155367709282304,2016-12-06 15:16:31,UCLğŸ‘ https://t.co/FxFVlo1rdY,6947,False
805820696903516160,2016-12-05 17:06:40,Want to see me create the packaging for The Private Edition?  https://t.co/XlG0HcBH6s https://t.co/w4xBPFfdzk,2523,False
804769746277330944,2016-12-02 19:30:34,Feliz por estar entre os melhores da FIFA junto dos meus dois treinadores. Obrigado a quem votou em mim e sobretudo aos meus companheiros,9964,False
804736460314279936,2016-12-02 17:18:18,Itâ€™s almost time! â° âš½ See how I spent yesterday preparing for the fastest match on ğŸŒ #StrikeSeries... https://t.co/oI605XnILm,2055,False
804657211528056832,2016-12-02 12:03:23,Wanna save big on my CR7 blankets this Christmas? Shop https://t.co/IBoUpzdSOB to save 25% with promo code CHRISTMAâ€¦ https://t.co/y1138PUVuS,3026,False
804400381254103044,2016-12-01 19:02:50,Missed Tuesdayâ€™s training? Hereâ€™s a âš¡ FASTâš¡ video recap of Day 2ï¸âƒ£ï¸ #StrikeSeries ğŸ”ğŸ‘‰... https://t.co/vnA5MqY1E0,1535,False
804339501506105345,2016-12-01 15:00:55,"To celebrate the launch of my new fragrance, I have created my own online members club! https://t.co/HRDxfKfjeN",3419,False
803932682338045957,2016-11-30 12:04:22,"Very excited to launch my brand new fragrance tomorrow 
https://t.co/KLGGg0yU8I https://t.co/4nLKMRJuZT",3398,False
803566056732262401,2016-11-29 11:47:32,Equipa vencedora ğŸ”ğŸ‘ŒğŸ‘ https://t.co/T8fnmIECmV,6749,False
803311470968590336,2016-11-28 18:55:54,âœ…Day 1 complete. Hereâ€™s how I trained fast for El ClÃ¡sico today âš¡ #StrikeSeries ğŸ”ğŸ‘‰https://t.co/E2zLOUXhGEâ€¦ https://t.co/62wWliBB6n,3968,False
802583840342573060,2016-11-26 18:44:33,3 points ğŸ”ğŸ‘Œ https://t.co/mJbTWgPVOD,11619,False
802166287673737216,2016-11-25 15:05:21,ğŸ‘Œ https://t.co/RoyleNCHk6,7352,False
801806763993526272,2016-11-24 15:16:44,Happy morning ğŸ‘ğŸ‘ğŸ‘ https://t.co/W4dCYspQ7I,7955,False
801690002187026432,2016-11-24 07:32:45,"Open your eyes @DwyaneWade - this is how I wake up ğŸ™ˆ #raiseit

https://t.co/i6J4wmrc1W https://t.co/QIAujMQnW6",10620,False
801396293432176640,2016-11-23 12:05:40,ğŸ‘Œ https://t.co/xgALmBVkCr,9337,False
800989337886355456,2016-11-22 09:08:34,"Honoured to debut my boots back where it all started. ğŸ™Œ CR7 Discovery ğŸ‘‰ https://t.co/E2zLOUFGP6    https://t.co/R8bOUQ4SwF",2204,False
800754024794492928,2016-11-21 17:33:31,"Inspired by the match that changed my career. ğŸ™Œ
Excited to wear my new boots tomorrow https://t.co/E2zLOUFGP6â€¦ https://t.co/g56ulq9PAv",3830,False
800610230493032448,2016-11-21 08:02:08,Menâ€™s daily essentials #CLEARMEN #Mercurial #Ad https://t.co/Pu8cITRAaL,2352,False
800401952739835905,2016-11-20 18:14:30,Stretching boyğŸ‘ https://t.co/0tsFbOGsnW,4880,False
800142146791555072,2016-11-20 01:02:08,TopğŸ‘well done teamâš½ï¸âš½ï¸âš½ï¸ https://t.co/SM7Vc5ZZfC,17603,False
799579095633973248,2016-11-18 11:44:46,ğŸ˜ğŸ˜ğŸ˜ğŸ˜ https://t.co/pXXUzVe1rQ,9005,False
799310315905159168,2016-11-17 17:56:44,ğŸ’ªğŸ½ğŸ” https://t.co/xXlPZyVwQQ,5122,False
799167625481908224,2016-11-17 08:29:44,Always working. ğŸ’ª Fresh Trainers. Gear up for the gym on https://t.co/E2zLOUFGP6 https://t.co/0GESo32QOn,3223,False
798954841921884160,2016-11-16 18:24:12,Unleashed my inner lion while filming with @PokerStars ğŸ”¥ğŸ’ª #BeatTheClock https://t.co/WzqNSGqm7Y,3427,False
798112237797769216,2016-11-14 10:36:00,ğŸ‡µğŸ‡¹ğŸ‡µğŸ‡¹ğŸ‡µğŸ‡¹ğŸ‡µğŸ‡¹ https://t.co/RhlH9ZxjXg,9622,False
797500235425677312,2016-11-12 18:04:07,ğŸ†•ğŸ” Love my new Collection ğŸ˜‰ https://t.co/E2zLOUFGP6 https://t.co/l1WsRrCjyC,3975,False
797363471704793088,2016-11-12 09:00:40,"Target practice ğŸ¯ #Mercurial
CR7 Chapter 3, lace up at https://t.co/E2zLOUFGP6 https://t.co/m9p4aDrltN",3619,False
797125872495034369,2016-11-11 17:16:32,Glad to make your wishes come true!ğŸ‘ğŸ‘ https://t.co/5JkLUGlRQZ,6846,False
797001235161354240,2016-11-11 09:01:16,No substitute for hard work ğŸ‘ #StrikeSeries CR7 Chapter 3 Collection at https://t.co/E2zLOUFGP6 https://t.co/qQAVw0sjWQ,3499,False
796688701589979136,2016-11-10 12:19:22,NIKE MANğŸ”ğŸ‘ğŸ‘Œ https://t.co/L3fBScHpST,7885,False
796437031643709452,2016-11-09 19:39:20,ğŸ‡µğŸ‡¹ https://t.co/JrxbaIuE4A,6790,False
796366866759512064,2016-11-09 15:00:31,Just found the next generation of Fast in Lisbon! #StrikeSeries ğŸ”âš½ğŸƒğŸ’¨ https://t.co/HVtyY4tLt2,4240,False
796351325835558912,2016-11-09 13:58:46,Back in Lisbon leading a @nikefootball masterclass with the future of Fast. Watch out for these guys! ğŸ‘€â¡ğŸ† #Mercurial https://t.co/ru0cajXFc9,3897,False
796136364916015104,2016-11-08 23:44:35,The ManğŸ” https://t.co/kkju3p7xMf,4687,False
796019884975128576,2016-11-08 16:01:44,"My sports cars just got jealous ğŸğŸ’¥ #Mercurial
New wheels at https://t.co/E2zLOUFGP6 https://t.co/iByj6yiN9i",4779,False
795898707271106560,2016-11-08 08:00:13,"New wheels, same results. ğŸ’¯ğŸ‘Œ #Mercurial
New boots ğŸ‘€ ğŸ‘‰ https://t.co/E2zLOUFGP6 https://t.co/tgSIWDQU2z",4049,False
795762348405440512,2016-11-07 22:58:23,Es un honor recibir nuevamente el trofeo Alfredo di Stefano. Gracias a todos! ğŸ‘ğŸ” https://t.co/GBhSRqTddM,7030,False
795633377378443264,2016-11-07 14:25:53,"@07RQuaresma We're even for now...ğŸ˜‰ğŸ˜œCR7 ""Discovery"" just got a whole new meaning. Nice one bro! #Mercurial https://t.co/Oq9Jfhg6pW",1421,False
795631033228136448,2016-11-07 14:16:35,You were behind this too!!?? Can't believe you guys did this behind my back!!! ğŸ˜‚ğŸ˜‚ğŸ‘ŒğŸ¼ğŸ‘ğŸ¼ğŸ” @07RQuaresma https://t.co/iqf28Yrg92,9974,False
795536676881842176,2016-11-07 08:01:38,"ğŸ˜ Love my new #Mercurial boots.
ğŸ”CR7 Chapter3: Discovery ğŸ”
ğŸ‘€ğŸ‘‰ğŸ¼ https://t.co/E2zLOUFGP6 https://t.co/GITYWkrjgm",4515,False
794917864566358017,2016-11-05 15:02:42,Just came back from the tailor and my suit fits perfectly! Sacoor Brothers attention to detail is one reason why Iâ€¦ https://t.co/oiKhFRooPm,4405,False
794816698402619392,2016-11-05 08:20:42,G morning ğŸ‘ https://t.co/hTsT0Gm5dU,6614,False
794567817962070016,2016-11-04 15:51:44,ğŸ‘ğŸ¼ğŸ‘ŒğŸ¼ https://t.co/OHd7Hk1Hdu,6649,False
794251223520202752,2016-11-03 18:53:42,Check out my new @cr7footwear film FW16 Collection. I hope you enjoy it. https://t.co/H3tWJAxDrd https://t.co/kZTrNj6vRR,2667,False
794146322458746880,2016-11-03 11:56:52,Keep your head up!!! https://t.co/ILOmhsz6Qs,6408,False
793551683360059392,2016-11-01 20:33:59,UCL ğŸ‘ğŸ¼ https://t.co/cIxu4oQZc7,7660,False
793512918566526976,2016-11-01 17:59:57,"Spend the holidays with me! Visit https://t.co/CWhb9Do9DK to see my CR7 Christmas blankets! Super soft, save 15% wiâ€¦ https://t.co/upQldDsomy",2903,False
793151649103638529,2016-10-31 18:04:23,I hope you enjoy my new @Cr7Footwear FW16 Collection as much as I do. Check it at https://t.co/H3tWJAxDrd https://t.co/JRHaTLZZJr,2518,False
793061539104317440,2016-10-31 12:06:19,ğŸ˜ğŸ‘ŒğŸ‘ https://t.co/1FJnxpzMja,7133,False
792816485601316864,2016-10-30 19:52:34,Good night ğŸ‘ğŸ˜œ https://t.co/v9aHmCggSz,5638,False
792726148669112325,2016-10-30 13:53:36,Happy Halloween dayğŸ”ğŸ”ğŸ‘Œ https://t.co/3mIbnIwyqd,6136,False
792434890830643204,2016-10-29 18:36:15,With my boy ğŸ‡µğŸ‡¹ğŸ‡µğŸ‡¹ğŸ‘ https://t.co/eibXMThX5Z,6239,False
792422748173832192,2016-10-29 17:48:00,Great win and very important 3 points. Well done boys !!âš½ï¸âš½ï¸âš½ï¸ğŸ” https://t.co/Vv2NFO0rSt,8799,False
792060987969069057,2016-10-28 17:50:29,"To stay fresh throughout a match, I use CLEAR #ad https://t.co/aIdEBHlbJ8",1764,False
792031491735875584,2016-10-28 15:53:17,ğŸ‘ŒğŸ¼ https://t.co/PO92dsRFPd,11462,False
791948847568125952,2016-10-28 10:24:53,"Great dinner last night,discussing plans for the present and future ğŸ”ğŸ”ğŸ”ğŸ” https://t.co/Hrku3v0Vyg",3476,False
791658224760094720,2016-10-27 15:10:03,"ğŸ’ª Extra effort.
âœ… Extra reward.
ğŸ† #StrikeSeries

Speed up with @nikefootballâ€™s Modern uniform of fast:â€¦ https://t.co/DlQ9DcSZ3k",4201,False
791558614523740160,2016-10-27 08:34:14,Bom dia ğŸ‘ https://t.co/711qV8Ymg5,4838,False
789847599511666688,2016-10-22 15:15:17,ğŸ‘ğŸ¼ https://t.co/fHYfaD5UfZ,6726,False
789177615475060736,2016-10-20 18:53:00,Help me kick breast cancer.Visit https://t.co/CWhb9DFKvi save 15% with promo code Pink7 and Elite Team will donateâ€¦ https://t.co/pxXfPJx8HM,5430,False
786975872372867072,2016-10-14 17:04:03,"Iâ€™m so excited the Z11 has finally come to spain! My friends at  @nubiaSpain are giving one away, enter here:â€¦ https://t.co/7wKLoXELnl",1788,False
786882347945820160,2016-10-14 10:52:25,ThanksğŸ‘ https://t.co/2u9vEQLKRf,6163,False
786620064514633728,2016-10-13 17:30:12,Couldn't resist a quick game while filming something exciting for PokerStars... ğŸ‘ŠğŸ¼ğŸ˜#raiseit https://t.co/d85deQIQUm,3447,False
785887762494791681,2016-10-11 17:00:18,Win an autographed #CR7MiniBlanket. Visit https://t.co/CWhb9DFKvi shop my exclusive line of CR7 blankets and enterâ€¦ https://t.co/ZnCa72rYVY,3004,False
785597479026917376,2016-10-10 21:46:49,Two games 6 pointsğŸ‘ğŸ¼ well done team ğŸ‡µğŸ‡¹ğŸ‘ŒğŸ¼ https://t.co/l09YCvUbk6,8595,False
785441115830939648,2016-10-10 11:25:29,Morning walk ğŸš¶ğŸ½ https://t.co/5tWg5Qz9n2,7390,False
784800789478928387,2016-10-08 17:01:03,ItÂ´s my turn to support my â€œteamâ€! Help us make Madeira win WorldÂ´s Leading Destination 2016. Vote hereâ€¦ https://t.co/qGMObKYGZ2,2406,False
784508235957071872,2016-10-07 21:38:33,"Happy to score my first poker for Portugal
âš½ï¸âš½ï¸âš½ï¸âš½ï¸ğŸ‡µğŸ‡¹ https://t.co/W8RxiW7BzR",25110,False
783985910752940032,2016-10-06 11:03:01,ğŸ‘ğŸ¼âœŒğŸ¼ï¸ğŸ‡µğŸ‡¹ https://t.co/ZiLnHpSkR8,7475,False
783639904366497792,2016-10-05 12:08:07,TrainingğŸ‘ğŸ¼ https://t.co/9bCeZT8tdZ,5681,False
782989207035867138,2016-10-03 17:02:28,Want to watch me play a match live in Madrid? @Xtrade are giving you the chance to win this amazing trip! Enter nowâ€¦ https://t.co/y2SFET9Fyv,3202,False
781954958006558720,2016-09-30 20:32:44,"Glad to be the cover of @DSECTIONMAGAZINE 5th anniversary book. ""THE JOURNEY"". https://t.co/G0xoSNHW0u",3885,False
781898658887376897,2016-09-30 16:49:01,"Wow! More than 5 million downloads of my mobile game! Thank you! 
Download Kick'n'Run here for free:â€¦ https://t.co/18qP0CNvFC",1931,False
781810901993283584,2016-09-30 11:00:19,Winning teamâš½ï¸ https://t.co/bJanNLqcd3,8400,False
781405450667433984,2016-09-29 08:09:11,I'm really excited to share with you the new #SACOORBROTHERS Fall Winter Collection! Meet my favorite new items atâ€¦ https://t.co/uThXIilGPi,3781,False
781074027091791872,2016-09-28 10:12:14,ğŸ‘ğŸ¼ğŸ‘ğŸ¼ https://t.co/bZPvgDCfir,11975,False
780491842840326144,2016-09-26 19:38:50,ğŸ‘ğŸ¼ https://t.co/rduasWEUFD,9220,False
779034768944033792,2016-09-22 19:08:57,I'm good and you??ğŸ‘ğŸ¼ https://t.co/lbkFB7x19a,9351,False
778891567729901568,2016-09-22 09:39:55,Great momentğŸ‡µğŸ‡¹âœŒï¸ğŸ‘Œ https://t.co/Jfi6zuvhLX,8752,False
778705965780611076,2016-09-21 21:22:24,Hala Madrid ğŸ” https://t.co/mRTHes8WL5,8018,False
776392490601635840,2016-09-15 12:09:29,ğŸ‘ğŸ¼ğŸ’ªğŸ¼ğŸ”ğŸ‘ŒğŸ¼âœŒğŸ¼ï¸ https://t.co/xTSlEFJT8H,10734,False
776005981134356480,2016-09-14 10:33:38,CHAMPIONS LEAGUE TONIGHT ğŸ‘ https://t.co/NWvp7DZoht,10543,False
775024670005399552,2016-09-11 17:34:15,Did you try this awesome feature in my mobile game? Download here: https://t.co/RX5FZclXci https://t.co/acIYYulgmr,2004,False
774313357616812032,2016-09-09 18:27:45,â¤ï¸â¤ï¸ https://t.co/S0Rfg2lUlN,11842,False
774190421077528577,2016-09-09 10:19:14,Always nice to be with the fans âœŒğŸ¼ï¸ğŸ‘ğŸ¼ğŸ”ğŸ‘ŒğŸ¼ https://t.co/ZzdwEQxjXC,6394,False
773899361621315585,2016-09-08 15:02:40,"Great to be back to full team training!ğŸ’ªâš½ ğŸƒğŸ’¨
Train fast with @nikefootballâ€™s Strike Series: https://t.co/nWQxOQOOQw https://t.co/Ju7T1DTub7",4879,False
772857122933600256,2016-09-05 18:01:11,Step into the spotlight with my latest @CR7Underwear collection ğŸ‘ğŸ¼ https://t.co/I5ZfBQGnP7,2878,False
772838857444319233,2016-09-05 16:48:36,"First training with the team, very happy!!!! Enjoy the picture â¤ï¸ğŸ’ªğŸ¼ğŸ‘âœŒğŸ¼ï¸âš½ï¸ https://t.co/FFGEgqSK4A",10742,False
772045140416430080,2016-09-03 12:14:40,V D â˜€ï¸ https://t.co/vOsfUPwP9U,5677,False
771981540263952386,2016-09-03 08:01:56,Thanks @TAGHEUER @jcbiver for this kind gift. The new rose gold Heuer 01 is amazing #dontcrackunderpressure https://t.co/KfCHbrk8ip,3079,False
771673823280238592,2016-09-02 11:39:11,Soon ğŸ‘ğŸ¼ https://t.co/w6Q4JitA1B,6947,False
771606254238130177,2016-09-02 07:10:41,@nubiasmartphoneâ€™s Z11 doesnâ€™t believe in limitations. #DreamWithoutBoundaries https://t.co/uEWDTJQxBW https://t.co/3Ga0gQaffL,711,False
771279078708174848,2016-09-01 09:30:36,Happy â˜€ï¸ğŸ‘ğŸ¼ https://t.co/zfmXj0C7jB,7535,False
770994590774136832,2016-08-31 14:40:09,Selfie timeğŸ‘ğŸ¼ https://t.co/isLQGcDDv2,6049,False
770666112568688640,2016-08-30 16:54:54,ğŸ‘ŒğŸ¼ğŸ‘ğŸ¼ https://t.co/0dAozzcX05,6276,False
770569140004323329,2016-08-30 10:29:34,Mood ğŸ‘ https://t.co/tf9H7qNru4,5683,False
769927646574698496,2016-08-28 16:00:30,Training done with my boys ğŸ’ªğŸ½ğŸ’ªğŸ½â˜€ï¸ https://t.co/GoWyE1w8eP,6579,False
769223560632082433,2016-08-26 17:22:42,Feeling good ğŸ‘ lets go ğŸ’ªğŸ¼ https://t.co/rn989lwS7B,5887,False
769196921126813696,2016-08-26 15:36:51,Training fast to come back stronger with the @nikefootball Strike Series. ğŸ’ªğŸ½ https://t.co/T2ZbV9jopr https://t.co/SZdRNTz5bq,2611,False
769093477388935169,2016-08-26 08:45:48,Gracias equipo ğŸ”ğŸ‘ğŸ¼ https://t.co/iJv541BI9U,9817,False
